locale,title,short_description,full_description
es-419,"One more try.","Un toque. Una vida. Una partida más. Endless minimalista y adictivo.","One more try. es un juego casual de un solo toque.

Cambiá de carril, esquivá obstáculos y superá tu récord.
Niveles infinitos generados de forma procedural.
Desbloqueá skins, medallas, títulos y misiones diarias.
100% offline. Sin compras. Solo un banner discreto.

Fácil de aprender. Difícil de dominar.
¿Una más?"
en-US,"One more try.","One tap. One life. One more try. Minimalist and addictive endless arcade.","One more try. is a casual, one-tap game.

Switch lanes, dodge obstacles, and beat your high score.
Infinite procedurally generated levels.
Unlock skins, medals, titles, and daily missions.
100% offline. No purchases. Just a discreet banner.

Easy to learn. Hard to master.
One more try?"
pt-BR,"One more try.","Um toque. Uma vida. Mais uma tentativa. Arcade infinito e viciante.","One more try. é um jogo casual de um toque só.

Troque de pista, desvie dos obstáculos e supere seu recorde.
Níveis infinitos gerados de forma procedural.
Desbloqueie skins, medalhas, títulos e missões diárias.
100% offline. Sem compras. Só um banner discreto.

Fácil de aprender. Difícil de dominar.
Mais uma?"
zh-CN,"One more try.","轻触换道,一命到底,一局接一局停不下来的极简跑酷。","《One more try.》是一款单指轻触的休闲游戏。

轻触换道,躲避障碍,刷新你的最高分。
程序生成的无限关卡。
解锁角色皮肤、勋章、称号和每日任务。
100% 离线,无内购,只有一个不打扰的横幅广告。

易学难精。
要不要再来一局?"
